address,author,comment,date,title
"Niquel√¢ndia, GO",Valeria_Ribeiro27,"Fui em agosto, a √°gua n√£o estava t√£o cristalina, o local √© bem grande, cheio de sombras pra quem quer descansar, por√©m os vendedores s√£o bem persistente, n√£o te deixam um minuto sem oferecer alguma coisa. ", agosto de 2019,Esperava mais 
"Rio de Janeiro, RJ",Mi e Di Por A√≠,"As redes dentro da √°gua s√£o um diferencial! Al√©m de relaxar, vc curte a √°gua quentinha, e fica √≥timo para tirar aquele fot√£o!", setembro de 2019,Lugar encantador
"Barra Mansa, RJ",Cl√°udio N,"Show de lugar, muito bonito, a  lagoa te convida a um mergulho, √≥tima recep√ß√£o, vale a conhecer e aproveitar !!!", junho de 2020,Para√≠so
,Rogerio Brandao,"Maravilhoso e super fam√≠lia, comida boa, agrad√°vel e da desconto para deficientes, militares e idosos.", maio de 2020,Lindo
,Jura O,"Estivemos nesse lugar super agrad√°vel e de beleza rara, passeio de um dia todo vale a pena fazer, recomendo.", mar√ßo de 2020,Fant√°stica
"Uberaba, MG",Jose R,"Pegar o bug e conhecer as diversas lagoas perto de Jericoacoara √© obrigat√≥rio. O passeio at√© a lagoa do para√≠so √© espetacular, a lagoa com agu√° doce tem muitos atrativos e boa infraestrutura", mar√ßo de 2020,Passeio obrigat√≥rio
"Campinas, SP",Suely,"Lagoa do para√≠so √© tudo lindo adorei l√°! Lugar bonito, gostoso de ficar √© uma lagoa de √°gua doce, vale muito a pena ir conhecer.", mar√ßo de 2020,Maravilha
"Piracicaba, SP",Beatriz Giboli,"Ambiente agrad√°vel,  vale a visita.  N√£o h√° de se falar em beleza, pois, todos os lugares visitados corresponderam a expectativa ", mar√ßo de 2020,Lagoa
,Jane G,"Era o lugar em Jeri, que eu mais queria conhecer. Entretanto, havia chovido bastante e a lagoa estava t√£o cheia que n√£o se parecia nem um pouco com todas as fotos que eu tinha visto antes. O local √© bonito, um dos mais glamourosos da regi√£o. Comida boa, por√©m salgada para o", junho de 2019,EXPECTATIVA X REALIDADE
"S√£o Sebasti√£o do Para√≠so, MG",Raissa,"Passamos algumas horas no Alchymist. O local √© lindo, pr√≥prio para fotos. A lagoa em si √© maravilhosa e a √°gua √© muito boa para nadar! N√£o √© muito tranquilo porque o local √© meio badalado. Acredito que em outros pontos da lagoa seja sossegado. Mas mesmo assim vale muito a pena", mar√ßo de 2020,"Lindas fotos, √°gua deliciosa"
"S√£o Paulo, SP",Araceli M,"Lugar bonito, todo programado pra vc estar confort√°vel n√£o importa o que deseja fazer: comer, descansar, tomar sol, banhar-se na lagoa. Em mar√ßo n√£o √© a melhor √©poca pois a lagoa n√£o tem uma colora√ß√£o t√£o bonita, mas de qualquer modo √© um lugar imperd√≠vel no Alchymist. Bastante", mar√ßo de 2020,"√ìtima infraestrutura, n√£o perde para o Caribe "
"Rio de Janeiro, RJ",Julia F,"Realmente as √°guas doces da lagoa s√£o encantadoras, a barraca que fomos n√£o cobrava pela mesas e cadeiras , somente o consumo . O pre√ßo dos pratos eram M√©dios, o esperado por um ponto tur√≠stico, mas nada absurdo . Fomos em um dia chuvoso e mesmo assim a vista foi incr√≠vel ", mar√ßo de 2020,Paraiso de jeri
"Araruama, RJ",Thamiris R,"Lindo, agrad√°vel, √≥timo pra fotos. Muitos quiosques √† beira mar. Recomendo pra fam√≠lia e casais. Ideal chegas cedo pra pegar as melhores mesas. ", fevereiro de 2020,Ameiii!
,Elina,"Ficamos no paraiso natural pousada e restaurante, local excelente para passar o dia, tem otima infra estrutura, atendimento nota 10 e boa comida ! Fica na lagoa do paraiso e n√£o cobram nada pela utilizacao do local.  Tem passeio de barco com esquibucho por 10 reais, uma delicia,", mar√ßo de 2020,Lagoa do paraiso
"Osasco, SP",CarolCMello,"Adorei a lagoa, tem uma super estrutura e atendimento. Sugiro ir no hor√°rio em que tem menos movimento.   Saia umas 8h30 do hotel e voc√™ ter√° o passeio garantido e sem pessoas. ", mar√ßo de 2020,Vale muito a pena tem que ir 
"Jericoacoara, CE",Carla Miranda,"Excelente local para descanso e lazer , a vista √© incr√≠vel , a estrutura do lugar √© surpreendente . Vale observar as obras de arte da decora√ß√£o , bem como a magn√≠fica natureza ao redor .", setembro de 2019,Atra√ß√£o imperd√≠vel em jeri
"S√£o Bernardo do Campo, SP",Aninha Gerbelli,"Lugar lindo, clima delicioso e com um visual deslumbrante....Fui 2 x em menos de 6 meses e quero voltar...rs", abril de 2019,Lugar exuberante!!!
,Denize M,Local com √≥tima infraestrutura e com paisagem paradis√≠aca. A agua doce e as redes proporcionam uma experi√™ncia maravilhosa. , dezembro de 2019,Paraiso
Estado de S√£o Paulo,Nat,"Existem v√°rias estruturas em volta da Lagoa. Fomos em algumas, das mais simples √† famosa Alchymist, mas a que mais gostamos foi a Lua Cheia, simples com bons pre√ßos. ", mar√ßo de 2020,Lindo lugar
"Barueri, SP",Thiago Z,"Lugar √© bacana, mas √© um pega turista idiota (eu fui pego). N√£o compensa o que voc√™ paga. Tudo caro comidas ruins. N√£o entre nessa roubada fique em jeri que seu dinheiro ser√° mais valorizado ", mar√ßo de 2020,Pega turista tonto 
"Maric√°, RJ",Tamires Francelino,"N√£o achei o local isso tudo. O restaurante de l√°, absurdo cobra 20,00 por pessoa para entrar ( mesmo voc√™ consumindo ) .  A comida √© muiiitoooo cara e n√£o tem qualidade. ", mar√ßo de 2020,N√£o volto! 
"Porto Alegre, RS",Christiano Luiz Vanzin,"N√£o vale a pena, pois em Janeiro e Fevereiro fica muito turva a √°gua. A visibilidade fica p√©ssima, e al√©m disto, n√£o tem grande infra-estrutura. N√£o recomendo.", fevereiro de 2020,Desinteressante quando se considera a qualidade do mar em Jeri
"Macei√≥, AL",Elcio,"A Lagoa e seus entornos s√£o muito bonitos, mas a infra  estrutura deixa a desejar. Aconselh√°vel levar  dinheiro,  pois o sinal de  internet √© ruim √©  vc n√£o consegue pagar com cart√£o ", fevereiro de 2020,Bonito lugar 
"Registro, SP",Luciano V D Ferreira,"√Ågua na temperatura ideal, limpa e clarinha. Atendimento super r√°pido na barraca de beira para a lagoa. Vale o tempo e o percurso ruim para chegar at√© l√°!", fevereiro de 2020,Local que vale a pena conhecer!
"Rio de Janeiro, RJ",Nancy F,Ruim. desejar. A mar√© est√° muito alta. √Ågua turva. Qualidade da comida ruim. E muito caro... propaganda enganosa pra turista. , mar√ßo de 2020,Caro e deixou a desejar. A mar√© est√° muito alta. √Ågua turva. Qualidade da comida ruim. E muito caro... 
"Bras√≠lia, DF",Milton Gomes,"Est√°vamos com alta expectativa para conhecer essa lagoa! Embora tenhamos visitado dois lugares diferentes nessa lagoa, a impress√£o que ficou foi que, apesar da boa infraestrutura oferecida, o pre√ßo da comida oferecida era alto e os caramujos √† beira da lagoa nos deixou", fevereiro de 2020,Decepcionou
"Rio de Janeiro, RJ",AROM,"Estive na lagoa do para√≠so em 2012 e voltei agora em 2020, foi constitu√≠do um local entitulado alquimista, que privatizou a lagoa, agora vc paga 20 reais para entrar, inclusive crian√ßas menores pagam tb, local esse que tirou totalmente o car√°ter r√∫stico do local. Detalhe 20", fevereiro de 2020,Perdeu o encanto
,Carolina G,"A lagoa para√≠so √© o cart√£o postal de Jeri. Visita obrigat√≥ria. Tem diversas op√ß√µes de lugares para ficar na lagoa. Fomos duas vezes, uma no Alchymist e uma no Casa B&B e gostamos dos dois ", mar√ßo de 2020,Incr√≠vel 
"S√£o Paulo, SP",Aline Dias,"√ìtimo local, estrutura muito boa, paisagem linda! Vale a pena Conhecer! Um dos meus locais preferidos de jericoacoara!", fevereiro de 2020,√ìtimo local!
"Sarago√ßa, Espanha",Paulabsoares,"Achei nada demais! Muita propaganda...eu, particularmente n√£o voltaria! Muita foto e pouca beleza! Mas tem gosto para tudo ", fevereiro de 2020,Nada demais! 
"Riacho Fundo, DF",doutoabelardo,"Se vc contratou um transfer particular e vc for direto para a ""Alquimista"", n√£o vai se arrepender! Entretanto, prepare o bolso! S√≥ para entrar vc desembolsa R$ 25,00 por pessoa, e este valor n√£o est√° inclusa a consuma√ß√£o. Mas vale a pena. O local √© maravilhoso, muito bem", fevereiro de 2020,Simplesmente paradis√≠aco!
"Belo Horizonte, MG",Cinthia B,"Fomos ao passeio de bugie, bem sofrido, j√° que se vai pela estrada e n√£o pela duna, o carro bate bastante no percurso... Eu j√° havia visitado a Lagoa em 2005 e a achei bem mais espetacular na √©poca, agora n√£o achei t√£o simples e charmosa... n√£o sei se o m√™s escolhido n√£o ajudou,", fevereiro de 2020,"Gostosa, mas j√° foi melhor!"
"Niter√≥i, RJ",liviacuri,A entrada √© pelo bar Alchimist que mant√©m o espa√ßo conservado. Que lugar lindo! E o banho deitado sobre as redes √© uma del√≠cia! , fevereiro de 2020,Um para√≠so
,Patty'Mi,"Lugar rom√¢ntico e paradis√≠aco, √°guas claras e redes de descanso na lagoa. As refei√ß√µes no local tem pre√ßo alto. Mas o local √© perfeito, vale a pena visitar!!", fevereiro de 2020,"""Para√≠so"""
"Belo Horizonte, MG",Mari Perillo,A lagoa √© muito boa e a estrutura do bar tamb√©m surpreende. S√≥ avaliem quando ir pois a lagoa depende da √©poca da cheia para estar com o reservat√≥rio cheio. √â ponto alto do passeio leste, fevereiro de 2020,Muito boa
"Santana de Parna√≠ba, SP",Nestorcastro,"Nada demais, estrutura razo√°vel,  Comida cara e ruim, vista legal, tem que pagar para entra 20 R por pessoa+ 100 R na ala vip (n√£o √©. Consuma√ß√£o", fevereiro de 2020,Alquimista restaurante
"Juiz de Fora, MG",Fabiano Soares,"Lugar maravilhoso, lindo. Minha esposa tirou v√°rias fotos. O ponto fraco s√£o os pre√ßos... salgados...kkk Mas vale muito a pena ir...", fevereiro de 2020,Maravilha de Deus
"S√£o Paulo, SP",gustavoalmeida2015,"Lagoa cristalina de √°gua doce, com tendas e bangalows confort√°veis sobre a √°gua com servi√ßos de bar e comidas, Bonito e confort√°vel", janeiro de 2020,Lagoa de agua doce com tendas e bangalows sobre a agua
"Campo Grande, MS",Rosiley F,"Vale a pena conhecer, viemos no inverno deles... ent√£o pegamos muita chuva... fora isso voltaria mais uma vez ", fevereiro de 2020,Muito bom 
"Bras√≠lia, DF",465ceciliacosta,"√ìtima estrutura, mas muito cara! Paga-se 20 reais p entrar por pessoa. Se quiser ficar numa cadeira, paga-se mais 50 reis por pessoa! A comida √© bem cara!  Mas, vale muito √† visita, pois o banho na lagoa √© muito bom. Fui duas vezes!", fevereiro de 2020,Turismo
"S√£o Paulo, SP",Luciana Yuri Mizutani,"Antes de qualquer coisa eh preciso entender o que eh a Lagoa Para√≠so. A lagoa possui v√°rios pontos para ficar e n√£o s√£o pertinhas. Se vc vai com guia / buguie, provavelmente ele j√° vai te levar para uma que ele goste (aonde ele tem um ponto de ""apoio""). Como fiquei uma semana,", fevereiro de 2020,A Melhor Lagoa 
"Rio de Janeiro, RJ",mnoarq,N√£o vale a pena nesse ponto da foto. pura explora√ß√£o de um italiano que deseja construir um resort na regi√£o e acabar com todo charme do lugar. Procure um lugar mais calmo para entrar na Lagoa., fevereiro de 2020,Explora√ß√£o de turista
"S√£o Paulo, SP",Tatiana L,"Lagoa linda, o nome faz jus ao local, durante nossa estadia em Jeri fomos  3 vezes em pontos diferentes e o local √© incr√≠vel.  Quem visita Jeri n√£o pode deixar de visitar.", fevereiro de 2020,Lugar encantador
"Cama√ßari, BA",ISAIAS SANTOS,"O Alquimista √©  muito belo, na √°rea  externa, tem at√©  a op√ß√£o  de fazer um v√¥o  de helic√≥ptero, o propriet√°rio  estava cobrando  250 reais  por pessoa. Para entrar esse bar cobra o valor de 20 reais  por pessoa, tem um belo jardim ns entrada, j√°  chegando  na praia, existe  um", fevereiro de 2020,"Muito lindo esse lugar, vale a pena"
"Jijoca de Jericoacoara, CE",Mauro Negreiros,"Lugar maravilhoso; atendimento m√©dico impec√°vel  vale a pena conhecer, n√£o s√≥ este lugar mais o conjunto todo, dunas e lagoas naturais.", fevereiro de 2020,Encantador
"Jales, SP",augustoformentao,Lugar muito bonito e agrad√°vel. Vale muito a pena conhecer. Restaurante bacana que serve comida muito boa. , fevereiro de 2020,Top
"Messias, AL",tatiscrego,Enquanto guia de turismo tive a honra de estar com um grupo de turistas em Jericoacoara em Janeiro de 2020 e tenho que dizer que foi uma experi√™ncia fant√°stica! Nos dias em que est√°vamos em Jericoacoara fomos conhecer a lagoa do para√≠so e o nosso ponto de apoio foi o restaurante, janeiro de 2020,Restaurante Lua cheia
"Trememb√©, SP",lirian moreira,"√© uma pena, mas o clube instalado na lagoa est√° acabando com o lugar, virou mais um ponto turistico com servi√ßos ruins que as pessoas aceitam s√≥ pra ir tirar foto", janeiro de 2020,acredito que j√° tenha sido um para√≠so
,Ludmilla. Luciano Chagas,A lagoa √© linda cercada por bons restaurantes onde pessoas simp√°ticas nos atendem muito bem. A lagoa tem redes onde voc√™ pode descan√ßar dentro da √°gua., janeiro de 2020,√â realmente um para√≠so!!!‚ù§üòç‚òÄüëìüåäüèä
"Niter√≥i, RJ",Henrique Rhamnusia de Lima,"Sem d√∫vida que n√£o h√° possibilidade de ir a Jericoacoara e deixar de visitar a Lagoa do Para√≠so. O local √© um espet√°culo. Tem uma estrutura muito boa, card√°pio saboroso e vale muito a pena. Excelente para fotografias, viagem rom√¢ntica ou passeio de fam√≠lia. Com certeza √© um", mar√ßo de 2019,Espet√°culo de visual
,Douglas Varj√£o,"A lagoa n√£o est√° mais bonita como nas principais fotos que se v√™ por ai. O que sobra para aproveitar √© o clube Alchymist, que na verdade tamb√©m n√£o achei gra√ßa. Tem at√© uma estrutura legal, mas √© car√≠ssimo e a comida n√£o √© t√£o boa, pagamos 400 reais num almo√ßo pra 4 pessoas; se", fevereiro de 2020,Dinheiro jogado fora
"Rio de Janeiro, RJ",Sonia G,Lugar lindo e extremamente agrad√°vel. Aguas calmas e relaxantes. Comida deliciosa e acess√≠vel. Fiquei encantada., outubro de 2019,Maravilhoso
"Rio de Janeiro, RJ",SIMONE,Lagoa do Para√≠so vale muito a visita e a estadia por pelo menos 2 dias!!! Pousada Para√≠so Natural √© otima pedida!, fevereiro de 2020,Lagoa do Para√≠so- Jijoca
"S√£o Paulo, SP",Camila Figueiras,"Um pouco sofrido para chegarmos at√© l√°, mas valeu a pena cada segunda. O caminho at√© l√° √© lindo e a lagoa em si √© maravilhosa, excelente banho. Alguns restaurantes super caros, mas √© s√≥ pedir dicas pro seu brugueiro que ele te leva pra comer em algum local com uma comida melhor. ", janeiro de 2020,√ìtimo para passar o dia 
,Queila M,"Adorei,passamos momentos maravilhosos la,funcion√°rios super atenciosos,comida boa ,recomendo e voltaria!", janeiro de 2020,F√©rias !
"Guarulhos, SP",Mariana Matos,"Simplesmente magn√≠fico ficar nestes lugar! Meu passeio na lagoa do para√≠s durou 1 dia e foi o dia que eu pude sentir a natureza, o mar, a vida bem pertinho de mim. Nem preciso falar qeu as fotos da chegada √† lagoa e nas redes das barracas ficam extremamente lindas!", dezembro de 2019,Lugar onde a mente descansa
,Ana,A lagoa √©  muito bonita mas o restaurante Alchimyst que cobra entrada e exige carteira de estudante pra cobrar meia entrada  mas ninguem avisa antes ... l√° tudo √© caro e o atendimento nao √© bom !, janeiro de 2020,Bonita mas ...
"Cuiab√°, MT",Isaac Filho N,"Ponto tur√≠stico de Jericocoara - CE, imperd√≠vel, contrate buggy para ir, restaurantes bons, localizado no lado Leste. Recomendo.", fevereiro de 2020,Relaxe e aproveite Jeri
Estado do Rio de Janeiro,marcelocorrea904,"Pode separar um tempo do seu passeio para curtir esse lugar. Aproveite com calma, podendo fazer o passeio de buggy ou jardineira.", outubro de 2019,N√£o pode ficar de fora
Minas Gerais,Denise,"O local √© delicioso √© muito relaxante. Recomendamos o restaurante da Pousada do Para√≠so que √© entrada gratuita, mais bonito e agrad√°vel que o Alchymist", fevereiro de 2020,Viagem de f√©rias
"Bras√≠lia, DF",Thais M√°ximo,"O lado leste que inclui a Lagoa do para√≠so √© excelente e tem v√°rias atra√ß√µes com meus estrutura do que o lado Oeste, como por exemplo o Restaurante alchymist! Ap√≥s isso ainda tem a Lagoa do Amancio que √© espetacular !!! Vale a pena passar l√°.. ", fevereiro de 2020,Gostei mais que o Lado oeste
"Nova Friburgo, RJ",Jania M,"Local com boa estrutura , porem os pre√ßos s√£o impratic√°veis para se passar um dia inteiro. Somente para tirar fotos e no m√°ximo uma √°gua mineral. Comemos uma por√ß√£o de camar√£o q  tinha no m√°ximo 15 unidades e n√£o estava l√° nada de especial..2 cervejas long neck, pagamos a", fevereiro de 2020,F√©rias 
"Belo Horizonte, MG",Let√≠cia M,No dia que fomos estava chovendo mas mesmo assim conseguimos curtir bastante a lagoa do para√≠so. Q paisagem √© muito bonita, janeiro de 2020,Vale a pena 
"Bento Gon√ßalves, RS",AndreiaMilan,"Lindo local, as redes na lagoa e a estrutura. O que assusta s√£o os pre√ßos da comida e da bebida. Simplesmente abusivos e n√£o compat√≠veis com o n√≠vel de servi√ßo/qualidade! ", fevereiro de 2020,Lugar incr√≠veis com pre√ßos estratosf√©ricos 
"Diadema, SP",Nayara M,"Comprei o pacote de passeio com a empresa Touron (lado leste Jericoacoara). Pedra furada, praia do Pre√°, √°rvore da pregui√ßa e lagoa do para√≠so. Ficamos no restaurante Lua Cheia e foi √≥timo! Comida com pre√ßo bom, bem saborosa e farta. Estrutura √≥tima do restaurante e das", janeiro de 2020,Melhor passeio lado leste
"Belo Horizonte, MG",Daniel M,"A Lagoa √© bonita, √© gostoso ficar nas redes, mas est√° muito longe de ser o para√≠so. N√£o tem nada de mais", janeiro de 2020,Ok
"Adamantina, SP",Vin√≠cius,"Melhor passeio no roteiro do lado leste, nem percam tempo com √°rvore da pregui√ßa, pedra furada. Restaurante completo e ambiente diferenciado ", janeiro de 2020,O melhor do roteiro lado leste 
"S√£o Jos√© dos Campos, SP",daniel s,"Local com estrutura incr√≠vel e atendimento super capacitado. Acesso razoavelmente f√°cil e limpeza exemplar. Os pratos n√£o s√£o baratos assim como a bebida, por√©m vale cada centavo. √â poss√≠vel chegar de ve√≠culos de passeio sem sufoco! Recomendo e voltaria ao Alkymist, que", janeiro de 2020,Primeiro mundo 
"Natal, RN",Kivia_kcpplar,"Vale a pena conhecer o espa√ßo Alchymist Beach Club. Um local bem organizado, bonito, ao som de DJ. Vale a pena chegar cedo para pegar uma boa mesa perto da lagoa, pois √© um ponto tur√≠stico bem visitado. Ressalto que o pre√ßo da alimenta√ß√£o n√£o √© t√£o barato.", janeiro de 2020,Um charme!!
"Jericoacoara, CE",Rose B,"Quando voc√™ contrata o passeio do litoral leste de Jericoacoara, o ponto alto  √© a parada na Lagoa do Para√≠so. De fato a lagoa √© bonita e vale a pena conhecer. O problema √© ficar na barraca Alchemist, que vem a ser o ponto de apoio e local do almo√ßo. Ent√£o prepare o bolso,", janeiro de 2020,Decpcionante
"Bras√≠lia, DF",wicton,"O passeio leste de Jericoacoara tem alguns atrativos e umas pegadinhas. Escolha n√£o ir para a Pedra Furada pois os carros e buggy‚Äôs ficam bem longe e o caminho tem ida e volta, √© claro. Voc√™ retorna j√° cansado. Na parada da √°rvore da pregui√ßa tenha, como o nome sugere, paci√™ncia", janeiro de 2020,Passeio ok......barraca Alchimist muito cara
"S√£o Paulo, SP",Elizabeth M,"Local muito gostoso. √Ågua limpa e temperatura agrad√°vel. Eu fiquei hospedada numa pousada que a lagoa fica no fundo, ent√£o aproveitei bastante, acredito que quem v√° so no passeio do dia aproveite pouco o local. Vale a pena passar um dia todo la.", janeiro de 2020,Vale o passeio
"Itabira, MG",Matheus V,"Fomos at√© a lagoa do para√≠so, pois √© um dos pontos tur√≠sticos mais famosos de Jeri, vale a pena, o lugar √© bonito, tem uma estrutura boa, por√©m o bar/restaurante √© tudo MUITO caro, uma Heineken 15,90 mais 10%, vale a pena conhecer, mas ir pra beber, passar o dia, tem que ir com", janeiro de 2020,Bom
,S√¥nia Macedo,Pensei que fosse melhor. Vc n√£o consegue desenvolver una conversa legal com tantos ambulantes oferecendo produtos. Afinal n√≥s pagamos para ter acesso.sri que o pessoal precisa trabalhar mas sossego que √© bom n√£o se tem., janeiro de 2020,Lagoa do Para√≠so
"Paranava√≠, PR",Marcelo Cripa,"A lagoa do Para√≠so √™ muito bonita, ficamos o dia no Alchymist Beach Club. A estrutura do local √© incr√≠vel, pena que choveu a tarde toda e atrapalhou um pouco. E os valores s√£o um ponto negativo, mas vale a pena conhecer.", janeiro de 2020,Incr√≠vel 
,Angelis S,"Quando chegamos no restaurante passaram um valor da comida e fecharam um valor de 10 long neck por 80 reais, no final do pagamento foi uma discuss√£o e cobraram 100 reais 10 long neck, fora os 10%que cobram e discutem caso voc√™ n√£o paga, isso pq √© opcional o pagamento..", janeiro de 2020,Mentira/ safadeza
"S√£o Paulo, SP",Subagh K,"Fica um pouco dist√¢ncia da Alquimia e n√£o cobra entrada.  Tem um estrutura muito bom com redes na √°gua, muitas meses na areia, sombra embaixo de √°rvores.   N√£o tem valor m√≠nimo.   Nos levamos pique nique.  Passamos uma tarde deliciosa.   Recomendo para quem quer desfrutar da", janeiro de 2020,Restaurant Lua cheia
,Thamara R,"Muito gostoso o ambiente. Por√©m pagar 20 reais s√≥ pra entrar, n√£o acho justo. Recomendo para quem quer tirar fotos.", janeiro de 2020,F√©rias 
"Jericoacoara, CE",Leandro,"Estive na lagoa do para√≠so (Alchymist) num belo domingo de sol. Para acessar o local √© necess√°rio pagar uma taxa de R$20,00 por pessoa. N√£o √© permitido entrar com bebidas. Fui barrado com meu mini-cooler. Eles guardaram num guarda-volumes e no final do passeio retirei com uma", janeiro de 2020,Bela estrutura do Alchymist
"Itabira, MG",Giovanna M,"A lagoa n√£o √© t√£o azul como na foto, mas vale a pena conhecer. O restaurante do local √© caro e o atendimento √© normal.  Mas como disse, vale a pena conhecer. ", janeiro de 2020,Lagoa Para√≠so 
,Alexandre,"Propaganda enganosa e muiiitooo apelo comercial! N√£o pague pelo passeio do lado Leste de  Jeri e fuja dos pre√ßos absurdos do Alchimist, n√£o √© nada no que parece nas fotos. Voc√™ paga ¬¥pelas espregui√ßadeiras na √°gua (R$50,00 por pessoa), se quiser uma esp√©cie de lounge o valor", janeiro de 2020,Lament√°vel!!
"Avar√©, SP",allineesteves,"Muitos turistas assim como eu achavam que a lagoa era inteira linda como nas fotos do Restaurante Alchimist. Mas n√£o a lagoa √© escura na sua maior parte (n√£o que n√£o seja bonita, por√©m diferente das fotos). Maaas quando voc√™ vai no Alchmist que √© um restaurante, beach club n√£o", janeiro de 2020,Explica√ß√£o
"Curitiba, PR",Luciane G,"A √°gua da lagoa √© escura, n√£o teve nada a ver com as fotos que s√£o divulgadas, ao menos estava assim em janeiro de 2020", janeiro de 2020,Muito filtro nas fotos
,Elvio D,"O alchimist √© um mundo a parte,  por√©m a Lagoa do Para√≠so n√£o vale a fama que tem,  lugar lotado de mosquitos e moscas,  no fim da tarde ent√£o quase te carregam.  Isso sem falar no trajeto pra chegar l√°... areia e muito buraco.  Passeio pra aventureiro.", janeiro de 2020,O para√≠so dos mosquitos
,Katia M,"Estivemos essa semana na tal Lagoa do Para√≠so.  Tendo em vista essa √©poca de chuvas di√°rias,  n√£o havia nada de t√£o magn√≠fico (jan/2020). Pedimos uma por√ß√£o de fil√© trinchado (iscas de fil√© mignon), 200g, a R$68.90, uma por√ß√£o que for servida num prato de sobremesa. Do mesmo", janeiro de 2020,Explora√ß√£o ao turista... totalmente desnecess√°ria!!!!
,Elton G,Lugar muito bonito com √°guas calmas e cen√°rio paradis√≠aco. O √∫nico por√©m √© que est√° num per√≠odo de cheias o que mudou toda a estrutura do lugar deixando a faixa de areia mais curta., janeiro de 2020,Lugar lindo 
"Rio de Janeiro, RJ",Anna Carolina C,Vale a pena conhecer! Praia com diversos restaurantes com op√ß√µes pre√ßos variados e excelentes card√°pios. , janeiro de 2020,Lind√≠ssimo
,Micheli G,"Lugar tranquilo com crian√ßas.   O bar the Alchymist tem boa infraestrutura, por√©m os melhores lugares que s√£o os espa√ßos com private com espregui√ßadeiras s√£o muito caros. Deveriam reverter em consumo.  Sugest√£o: tem um lugar pr√≥ximo, bem parecido mas n√£o precisa pagar pra entrar", janeiro de 2020,Boa experi√™ncia 
"S√£o Paulo, SP",RafaelConverso,"A m√∫sica estragou totalmente a experi√™ncia. Tinha funk, pagode, sertanejo e outras porcarias reconhecidamente de mau gosto e que nem regionais s√£o. Os bangal√¥s de frente para a lagoa j√° estavam reservados ent√£o ficamos no meio. Tem um bot√£o chamador de gar√ßom que s√≥ chama o", janeiro de 2020,"Tudo bom, exceto a m√∫sica "
,Solange,"Na foto parece mais do que √©, o lugar √© bonito, mas a √°rea da lagoa e mesas na areia s√£o pequenos, ficando bem tumultuados.  Disputa pelas poucas redes que tem na lagoa. Tem que pagar a taxa de R$20,00 para entrar e os pre√ßos s√£o bem salgados para comer ou beber algo.    N√£o v√°", janeiro de 2020,Bom pra foto.
Santa Catarina,Jeana,"lugar lindo, √≥tima estrutura, pessoal bem educado e atencioso. Voc√™ descansa e aproveita a vista da lagoa que √© linda demais.", setembro de 2019,Lagoa do Paraiso
"Santa Maria, RS",Bruno V,"Maravilhoso, visual, natureza, tudo! Imposs√≠vel viajar para Jeri e n√£o conhecer o local. Apresenta muitos atrativos e op√ß√µes diferentes.", janeiro de 2020,Lindo.
,LISI,"Local bem estiloso, com m√∫sica eletr√¥nica e uma vista linda. Card√°pio variado e caro, mas vale a pena conhecer. ", janeiro de 2020,Muito bonito e alto astral
"Rio de Janeiro, RJ",Luana,"Melhor atra√ß√£o de Jericoacoara! As redes....sim, elas s√£o divinas! Parece que voc√™ est√° nas n√∫vens! H√° v√°rias op√ß√µes de barracas: algumas mais requintadas e caras (caso do Alchimist beach) e outras mais em conta, com um pouco menos de estrutura (mas a lagoa √© a mesma e todas tem", janeiro de 2020,Amostra gr√°tis do c√©u!
"Bel√©m, PA",Andre Pinheito,"Estive em Jeri com a fam√≠lia e conhecemos a lagoa do para√≠so,  sinceramente ja conheci lugares  bem melhores pagando bem menos. Sugiro ir para os len√ß√≥is maranhenses que √© muito  melhor.", janeiro de 2020,Nada demais
"S√£o Paulo, SP",Carolina G,"Como a entrada para a lagoa s√≥ √© poss√≠vel atrav√©s do beach club, voc√™ precisar√° pagar para entrar... e tudo que consumir l√° dentro, n√£o ser√° barato. Contudo, vale super! √â linda demais... v√°rios tons de √°gua... tipo Caribe!", abril de 2019,"Linda demais, mas leve uma grana!"
"S√£o Paulo, SP",Wagner Schalch,"O tal do italiano realmente construiu instala√ß√µes dignas de um para√≠so na Terra. Aquela regi√£o da Lagoa do Para√≠so √© muito linda, com √°guas deliciosamente quentinhas. Crian√ßas se divertiram muito. Comida boa. Pre√ßo meio salgado, mas acho que vale a pena.", fevereiro de 2019,"Caro, mas vale a pena"
"Manaus, AM",MariTolentino,"Um lugar muito agrad√°vel. Fui em √©poca de baixa temporada, ent√£o estava muito tranquilo, foi poss√≠vel sentir o lugar.", junho de 2019,Um paraiso pra descansar
"Jana√∫ba, MG",cajunia,"Ambiente agrad√°vel, por√©m nada como nas fotos. Chegamos com chuva e estava frio. A √°gua √© doce e n√£o era azul. Lugar ok. E bem puxado os pre√ßos. Muitos mosquitos nas comidas e bebidas. N√£o tinha como comer em paz ", janeiro de 2020,Chegamos com chuva 
"Rio de Janeiro, RJ",PabloBGoncalves,"A Lagoa do Para√≠so √© muito bonita, agrad√°vel para ficar sem fazer nada, brincar com as crian√ßas, etc.  O beach club tem uma √≥tima estrutura. A entrada custa 20,00 por adulto. O √∫nico ponto fraco √© o pre√ßo das comidas e bebidas, muito salgado. N√£o sei se fora da alta temporada √©", janeiro de 2020,"√ìtima estrutura, bom atendimento, pre√ßo caro"
"Belo Horizonte, MG",jo√£o pp,"A lagoa do para√≠so √© tudo que falam e mais um pouco..! Gostei tanto que fui duas vezes. √Åguas bem verdes, calmas, quentes... o nome cai muito bem: um verdadeiro para√≠so! Visitei duas barracas, uma paga (muito  boa) e outra mais simples, mas o banho √© bom em todas!", janeiro de 2020,Melhor atra√ß√£o!
,Ana Paula,"Curtimos a Lagoa do Para√≠so na parada da Casa B&B. Foi uma √≥tima experi√™ncia pois tivemos quase exclusividade neste ponto, sem explora√ß√£o, servi√ßo de primeira! A lagoa √© linda e pode ser aproveitada com tranquilidade! Recomendo.", dezembro de 2019,F√©rias!
,Juscelino C√°ssio,"A melhor parada do passeio entre o Oeste e o Leste foi a Lagoa do Para√≠so. Os outros lugares s√£o legais, paisagem natural linda, mas nenhuma se compara a lagoa do para√≠so.", janeiro de 2020,Lagoa do Para√≠so a melhor parada
"Belo Horizonte, MG",Gallo Semppre,"S√≥ na volta o bugueiro nos contou que ano passado uma das barracas em volta da lagoa fez uma obra que minou √°gua barrenta para a lagoa, que, assim, n√£o est√° aquela beleza das fotos... Os pre√ßos da barraca que fiquei n√£o s√£o razo√°veis. Imagino que os custos dos comerciantes s√£o", janeiro de 2020,J√° foi linda
"Belo Horizonte, MG",Sheyla S,"Ambiente agrad√°vel, pena que chegamos muito tarde e o local j√° estava fechando, o restaurante n√£o √© barato, custo de praia, uma long neck sai por R$15,00 mas vale passar pelo menos um dia por l√°, ainda conta com op√ß√µes de stand up a R$30,00 15 min.", dezembro de 2019,Vale a visita
"Fortaleza, CE",Bruna Felix,Um dos lugares mais encantadores que j√° conheci. Simplesmente fant√°stico. Vale muito a pena conhecer., julho de 2019,Maravilhoso 
"Arraial d'Ajuda, BA",Eryka A,"Perfeito, ficamos do lado privativo com bangal√¥ e tudo com tudo que uma f√©rias merecidas deve ter. Amei ", janeiro de 2020,Lindo 
,Milena Amorim,"O lugar √© bonito, tem m√∫sica ao vivo e muitos pontos para tirar uma foto legal, por√©m foi o passeio que menos gostei de todos que fiz. ", dezembro de 2019,N√£o √© tudo isso que dizem
"Bauru, SP",Isabele A,"A lagoa √© muito gostosa para ficar o dia inteiro, mesmo quando a cor da √°gua n√£o est√° t√£o bonita, o que varia de acordo com a √©poca de ano e ocorr√™ncia de chuvas. Para chegar l√° pode ser por bugue (fizemos o passeio para o leste, que parou l√°) ou pegando a jardineira na vila,", outubro de 2019,Lindo e √°gua tranquila
,Maria Claudia F,"Achei muito fraco da parte do guia. N√£o tivemos a op√ß√£o de ir no Beach Club Alchymist, levaram a gente no bar que n√£o estava no passeio, comida de p√©ssima qualidade. Junto com as outras pessoas solicitamos levar a gente no bar que a gente queria conhecer, o guia cobrou uma valor", dezembro de 2019,Chegando na lagoa
"S√£o Paulo, SP",Beatriz S R Jesus,"Lagoa com grande quantidade de bares e restaurantes. Aten√ß√£o √† √©poca de visita, n√£o recomendada em per√≠odos chuvosos (a paisagem das fotos n√£o ser√° a mesma).", janeiro de 2020,Vale a visita!
,Guilherme Vendramini,"Chegando na lagoa o guia informou que existem op√ß√µes de descida, uma no Alchemist (pago) e outra mais adiante (gr√°tis) ambas com op√ß√µes de restaurantes. Descemos na segundo op√ß√£o, ja que para entrar no Alchemist  √© preciso pagar R$20,00 por pessoa, al√©m dos restaurantes serem", janeiro de 2020,Bonito o local
"Lisboa, Portugal",fernandorossiarq,"A Beach Club Alchymist √© um ambiente maravilho e com excelente servi√ßo. Sugiro que utilize os flutuadores, onde se paga um pouco mais, mas vale!!!", janeiro de 2020,Um excelente dia de lazer
"Embu das Artes, SP",DulcineiaRamos,"Um bom lugar para relaxar, nadar,    almo√ßar. Estar com a fam√≠lia.  Pre√ßos justos.  Eu recomendo o passeio. ", janeiro de 2020,Lugar interessante 
"S√£o Paulo, SP",germanosm,A lagoa do para√≠so √© uma usual op√ß√£o de passeio para quem visita Jericoacoara. Por√©m A colora√ß√£o da sua √°gua j√° foi mais clara e atrativa., janeiro de 2020,Bate e volta de Jeri
"S√£o Paulo, SP",Cileni Oliveira,"Amei conhecer a Lagoa do Paraiso, realmente um lugar lindo, tranquilo com uma estrutura maravilhosa: Guarda-sois, Redes dentro da √°gua, barcos de enfeite para fotos. Um Passeio Imperd√≠vel, fomos de  BUGUI. ", dezembro de 2019,Lagoa faz jus ao nome
"Rondon√≥polis, MT",Raiany B,"O ambiente √© √≥timo, o atendimento de qualidade, mas o pre√ßo √© realmente salgado, surreal. A lagoa para banho √© √≥tima!", janeiro de 2020,"Bom, mas muito caro "
"Bras√≠lia, DF",hazenclever,Um excelente passeio. A estrutura √© fant√°stica e a lagoa de temperatura gostosa. Os pre√ßos que s√£o um pouco salgados. , janeiro de 2020,EXCELENTE PASSEIO!
,Tati M,"Lugar bonito , mas de pre√ßos altos e apenas 01 banheiro para TODOS os frequentadores . Lotado nesta √©poca, com muitas crian√ßas e o atendimento deixa a desejar. ", janeiro de 2020,Muito populoso
"Jandira, SP",ICosta2013,"√â um lugar muito agrad√°vel, para quem quer relaxar a mente e o corpo Vale a pena ir sem pressa. Sem preocupa√ß√£o com hor√°rio.  Recomendo a visita. ", dezembro de 2019,Muito agrad√°vel
"S√£o Paulo, SP",Elainecrisouza,Vale a pena conhecer. Ficamos no Restaurante do Paulo.  Otimo local. Otimo atendimento. Show de bola ficar deitada naquela rede dentro da agua. , dezembro de 2019,Lugar lindo
"S√£o Paulo, SP",Karla,A lagoa do para√≠so √© um local tur√≠stico e conta uma taxa de 20 reais por pessoa! A visita vale cada centavo. Para quem tiver condi√ß√µes reserve o lounge privativo e mergulhe nessa experi√™ncia incr√≠vel! , janeiro de 2020,Maravilhosa 
"Bras√≠lia, Distrito Federal, Brazil",CidaBorges2013,"Lugar muito lindo, boa estrutura, vale muito a pena conhecer... O acesso √© um pouco dificil por causa que o local n√£o tem cal√ßamento, s√≥ areia....", novembro de 2019,Realmente um para√≠so na Terra
"Marab√°, PA",Walyson Lima,"Fui l√° achando que encontraria uma √°gua azulzinha e transparente igual vi em algumas fotos, por√©m n√£o achei nada disso! kk  O lugar at√© que √© bonito, mas n√£o tem nada demais. Achei os pre√ßos cobrados pelos restaurantes um absurdo!!! Muito caro pela estrutura que oferecem.  De", dezembro de 2019,"Vale a pena conhecer, mas n√£o espere nada demais"
"Niter√≥i, RJ",carlavarella,"A Lagoa fica distante uns 40 minutos do centro de Jeri. Sugiro conhecer a Lagoa, atrav√©s de um Passeio de Buggy, pois vale super a pena e √© bem mais legal do que ir de Jardineira, caso tenha tempo e queira voltar em outro dia para aproveitar a lagoa, a√≠ sim vale a pena ir de", dezembro de 2019,Lagoa Deliciosa para curtir os momentos em Jeri.
"Belo Horizonte, MG",Ricardo V,"√â um local muito bom de se conhecer. A maioria dos bares possuem redes para deitar e atendimento beira da lagoa. Recomendo ficar no alchimist, um restaurante especial no in√≠cio da lagoa.", dezembro de 2019,Muito bom 
,Maria C,"Apesar de ser mais bonita por fotos, √© um √≥timo ambiente para banho e para se passear com a fam√≠lia. Possui uma excelente estrutura com duchas, mesas, banheiros e espa√ßo para relaxar, por√©m todos os custos s√£o altos principalmente alimenta√ß√£o.", dezembro de 2019,√ìtima para banho
"Rio de Janeiro, RJ",Nicholas M,Apenas uma lagoa com restaurantes ao redor dela. N√£o achei nada demais n√£o. Mas vale conhecer sim! E bonito, janeiro de 2020,Bonita lagoa 
"Ribeir√£o Preto, SP",acmiranda16,"Lugar super agrad√°vel, com bangal√¥s bem estruturados e confort√°veis, pratos feitos com qualidade e bom atendimento.", dezembro de 2019,Jericoacoara - R√©veillon 2020
"Petrolina, PE",Wandemberg Magalh√£es,"√ìtimo lugar para almo√ßar, apesar de ser pequeno, e a estrutura √© razo√°vel. Foi bom o descanso aqui, pois t√≠nhamos muito ainda a percorrer nesse passeio de um dia em Jeri.", outubro de 2019,Relaxar e apreciar
"Algarve, Portugal",Joe joe,"√© um lugar agrad√°vel , mas n√£o estava especular , j√° que avia muito vento e os caminho com muitos carros ", dezembro de 2019,√© agrad√°vel 
"Albufeira, Portugal",Btriz,"Lagoa do para√≠so, uma lagoa a visitar, e √≥timo para descansar, almo√ßar e descontrair junto da √°gua !  ", dezembro de 2019,Muito bonito !! 
"Biritiba-Mirim, SP",Amauri S,"Mas n√£o crie muita expectativa, o espa√ßo √© pequeno muitas mesas faz o espa√ßo e a beleza se perderem,pouco atrativos", dezembro de 2019,Visitavel
,Marcella B,"Fomos na te lotada de final de ano, local muuuito cheio, esperava muito mais. O atendimento √© at√© legal pelo tanto que estava cheio, mas as por√ß√µes deixam muito a desejar.", dezembro de 2019,Esperava Muuuuuito mais 
"Bogot√°, Col√¥mbia",Charles A,Povo feio e mal educado. Pegam uma mesa e ficam o dia inteiro tomando e comendo o q levaram no isopor.... mas tem Gosto pra td..., dezembro de 2019,Show de horrores 
"S√£o Paulo, SP",Yuki_Kato,"Visitei  a lagoa diversas vezes at√© 2017. Retornei em dezembro de 2019 e descobri que acabaram com o ambiente natural da lagoa. Agora h√° um lounge, com esteiras sobre a √°gua. N√£o d√° mais para ver o azul da lagoa.  Um horror", dezembro de 2019,Acabaram com o lugar!!
"Penha, SC",Margarete S,"Local abandonado! Banheiros sujos, sem nenhum cuidado. A √∫nica coisa boa foi colher manh√£ direto do p√© ! ", dezembro de 2019,Decep√ß√£o 
"Indaiatuba, SP",Amanda,"A propaganda √© muito enganosa! N√£o vi aquela colora√ß√£o da √°gua igual nas fotos no Google, aqui mesmo ou em qualquer outro lugar, com filtro realmente elas ficam, mas sem, n√£o h√° nada de mais. Simplesmente uma lagoa com redinhas...", dezembro de 2019,As fotos enganam
Santa Catarina,Claudio A,"Bom apenas para quem se preocupa exclusivamente com fotos para redes sociais. Lagoa ""ao vivo"" n√£o √© t√£o interessante. A comida car√≠ssima dispensa coment√°rios (40 reais uma ""micro"" por√ß√£o de batatas fritas no Alchymist). Passeio de quadriciclo pelas praias e dunas (e suas belas", dezembro de 2019,Muita propaganda e...quase s√≥ isso.
"Bras√≠lia, DF",Andre.edf,"O lugar √© maravilhoso para repousar corpo e mente. √â incr√≠vel como as redes na √°gua nos transmitem calmaria e tranquilidade. Para entrar no lugar mais chique das fotos √© necess√°rio pagar. H√° op√ß√µes em outras pousadas em que voc√™ apenas paga o que consumir, e o pre√ßo das", dezembro de 2019,Sombra e √°gua fresca.
"Pa√ßo do Lumiar, MA",Leo,"Lugar lindo e √∫nico!  Uma praia de √°gua doce com tons esverdeados cristalinos. Apesar do valor de acesso ser R$ 20,00, aconselho √† todos que forem em Jeri, visitar esse lugar", dezembro de 2019,Lugar Lindo e √∫nico!
"Rio de Janeiro, RJ",Margareth C. Portela,"Linda! Vale a pena! Nos deram a dica de ficar na Pousada/restaurante do Paulo, que tem uma boa estrutura e uma boa comida. Gostamos muito!  ", dezembro de 2019,Vale a dica!
"Curitiba, PR",Leandro M,Parte do passeio Leste.Lugar bonito. Vale a pena ficar algumas horas descansando em algum bar/restaurante da lagoa. O Alchimist tem uma estrutura espetacular mas tamb√©m cobra por isso. Outros lugares pr√≥ximos tem uma estrutura mais simples mas a beleza do local √© igual em todos, dezembro de 2019,Jericoacoara pode se resumir a isso.
"Rio de Janeiro, RJ",Alessandra S,"O local √© bem movimentado por todo tipo de pessoa. √â √≥timo para fam√≠lia, casais e grupo de amigos. Particularmente n√£o fiquei no Alchymist, preferi o restaurante Lua Cheia que fica mais a frente do clube, pois, n√£o cobram a entrada e nem as cadeiras na lagoa. Lugar muito", novembro de 2019,O Para√≠so
"Jericoacoara, CE",Dannilo Sena,"Estrutura muito boa, os pre√ßos s√£o um pouco exorbitantes para uma comida normal, mas pela estrutura vale a pena a visita ", dezembro de 2019,Vale a pena
"Salvador, BA",Vivi,"O lugar √© lindo! Para quem contempla a natureza! Dif√≠cil de chegar e caro, considerando tudo! Mas compensa sim. Entrada R$ 20,00, os pratos s√£o mais caros que em Jericoacoara, ent√£o decidimos n√£o almo√ßar. Vi alguns coment√°rios sobre a cor da √°gua... mas observei que s√£o de", dezembro de 2019,Sensacional 
"S√£o Paulo, SP",Beatriz G,Visita de um dia a lagoa do para√≠so e parada na barraca de beach para√≠so tem boa estrutura mas o que salva e a novamente a hospitalidade do povo do Cear√°! Pre√ßos de alta esta√ß√£o e qualidade nota 6. Mas vale muito o passeio!!!, dezembro de 2019,Lagoa do Para√≠so - Jericoacoara 
,Eduardo M,"Ficamos na barraca alchimist, lugar lindo, paisagismo a deslumbrante, no passeio do Leste √© o melhor lugar de se visitar e de ficar o dia todo, √≥tima infraestrutura, lagoa muito gostosa, √°gua clara e morna. Achei os pre√ßos um pouco alto pela quantidade de comida, mas vale a pena", dezembro de 2019,Lugar maravilhoso
"S√£o Paulo, SP",Luciana l,"A lagoa √© bonita mas voc√™ s√≥ vai chegar a ela despejado no tal do Alquimist, muito provavelmente. L√°, colocaram tanta parafern√°lia na √°gua que alterou toda a paisagem : lounge flutuante (paga caro pra entrar, estaba vazio), estacionamento de stand up paddles, caiaques, pier, as", dezembro de 2019,Lagoa bonita mas nem tanto 
"Volta Redonda, RJ",thalisns,"Pre√ßo salgado no alchymist. A parada anterior durante o passeio leste, no buraco azul, √© muito mais bonita e o restaurante muito mais em conta. Vale a pena ficar mais tempo no buraco azul e fazer o almo√ßo l√°. ", dezembro de 2019,Caro e lugar nem t√£o bonito
"Mogi das Cruzes, SP",Ricardo e Mayara,"Local muito bonito, estrutura muito boa, diversas mesas, banheiro limpo.  Por√©m muito caro, muto cheio e a comida n√£o vale o valor pago.  Visita realizada em: 2017.", julho de 2019,Lagoa maravilhosa.
"Fortaleza, CE",Marcos Barbosa,Lugar perfeito para apreciar a natureza e curtir deitado numa rede dentro da lagoa com uma √°gua deliciosa refrescando suas costas. √â uma verdadeira ben√ß√£o!, dezembro de 2019,√â um para√≠so essa Lagoa!
"Recife, PE",Tatiane S,"Linda a lagoa, um verdadeiro para√≠so, um lugar para recarregar as energias , descansar e apreciar a paisagem.", dezembro de 2019,Um para√≠so da Natureza
,ra-anastacio,"Praia de √°gua doce, poucas ondas e tranquila para a divers√£o das crian√ßas e familiares. Ponto tur√≠stico e por ser √°rea de preserva√ß√£o ambiental, alguns alimentos n√£o s√£o servidos na faixa de areia. No seu entorno possui √≥timos restaurantes.", dezembro de 2019,Lagoa do Para√≠so
,Ivana B,"Lugar agrad√°vel. √ìtimo para relaxar, mas antes de ir escolha o transporte,  pode ser a passeio com os bugeiros ou de lota√ß√£o que vc pega na Rua S√£o Franciso, por R$25 reais por pessoa cada trecho.  Mas vale a pena ir, muito legal ", dezembro de 2019,Amei
"Campinas, SP",El√≥i G,"O lugar √© lindo! Voc√™ paga 20 reais para entrar, por√©m vale cada segundo. Paisagens bel√≠ssimas para tirar fotos. O pre√ßo das coisas ali √© um pouco salgado, mas vale a pena.", dezembro de 2019,Incr√≠vel esse lugar! 
,Josy,"Um lugar incr√≠vel,pra quem ama calmaria.com certeza um dos melhores lugares do mundo para passar as f√©rias, com um povo muito receptivo", dezembro de 2019,Um verdadeiro para√≠so
,Analuz,"Adorei o lugar, bem cuidado, bem transado, projeto bem feito! Drinks lindos! Bom atendimento! Lagoa deliciosa para banho, rende bel√≠ssimas fotos!!! Adorei e indico!!!", novembro de 2019,Lindo point tur√≠stico!
"Campinas, SP",Brunno Henrique S,"O forte de Jeri em rela√ß√£o a banhos s√£o as lagoas formadas pela agua das chuvas entre Abril e Junho.  A lagoa do para√≠so n√£o tem esse nome a toa. Ela √© bem extensa e, em funcao dos ventos, faz com que suas margens parecam uma praia de agua doce. Otimo lugar para nadar,", dezembro de 2019,Melhor regi√£o de Jeri
"Salvador, BA",Ane S,"Lugar maravilhoso, muito limpo,bonito. Clima maravilhoso . Comida de qualidade, variedade de bebidas. Vale a pena conferir !  .", dezembro de 2019,Passeio
"Santa Rita de Caldas, MG",nelson o,"Lugar ideal para descansar e passar o dia todo. Boa comida, √≥timo atendimento. A lagoa √© imensa e suas √°guas s√£o quentes e limpas. Tem op√ß√µes de brinquedos aqu√°ticos para crian√ßas. Muito relaxante!!!", dezembro de 2019,Tranquilidade e comodidade
"Nova Lima, MG",Wilsonamotta,A atra√ß√£o Lagoa do Paraiso meio que se confunde com o Alchimist Beach Club.  O local √© de uma beleza √∫nica. A temperatura da regi√£o da lagoa √© mais agrad√°vel do que na beirada da praia e na vila.  No Club a areia foi colocada na beira da lagoa para parecer uma praia e fazer com, dezembro de 2019,Passeio Incr√≠vel!!!
Estado de S√£o Paulo,Dinnanni,"Fomos fazer o passeio e nominal paramos no Lagoa do Para√≠so.tem que pagar $20,00 por pessoa.acima de 60e crian√ßas isentos da taxa. Um lugar lindo, super limpo uma estrutura √≥tima.o restaurante √© um pouco caro.so pra ter uma ideia 2 espetos de queijo coalho custa $37,00.mas", dezembro de 2019,Lugar com infra estrutura 
"Fortaleza, CE",Rog√©rio Silva,"Lugar muito bonito e tranquilo,belas paisagem com op√ß√£o de passeio de jangada,standup entre outros,com redes a beira da lagoa,por sinal muito limpo.", outubro de 2019,MUITO LINDO
"Salvador, BA",dribarretto,Com certeza um dos lugares q mais gostamos em Jeri e as crian√ßas tb! N√£o pode faltar no seu roteiro!, dezembro de 2019,Lugar lindo
"Betim, MG",Lim L,"Lugar agrad√°vel e fascinante, ideal pra passar o dia em fam√≠lia e tirar √≥timas fotos deitado nas redes ", dezembro de 2019,Bom
,Gabriel T,"Lagoa extensa com √°guas lindas e muito vento. Areia branquinha. Parece mesmo que voc√™ est√° no para√≠so. Como a lagoa √© muito grande, existem alguns pontos de apoio ao longo dela. Alguns mais badalados, como o Alchymist Beach Club, e outros mais tranquilos como a Casa B&B. ", dezembro de 2019,O para√≠so √© ali! 
,Mauro Luiz Albonetti,"em familia, lindo lugar, super agrad√°vel, com bom aperitivos e cozinha contemporanea, local bem estruturado, embora de dif√≠cil acesso. ", dezembro de 2019,Lazer
"Rio de Janeiro, RJ",Mariana P,"Essa √© a Lagoa mais tradicional de Jeri! Aquela das fotos, com as redes dentro da √°gua. Ela faz parte do passeio ""lado leste"". Fica um pouco longe, mas como tem v√°rias paradas no caminho, acaba sendo agrad√°vel. Ficamos no Alchemist Beachclub, mas tem op√ß√µes nas redondezas que", dezembro de 2019,Lindo
"Belo Horizonte, MG",Janice S,"Lugar lindo, tem v√°rias op√ß√µes de barraquinhas, fiquei na barraca Nova Esperan√ßa e gostei muito do atendimento e da estrutura do lugar.", dezembro de 2019,Lugar maravilhoso
"Manaus, AM",Dalvo M,"Tem uma estrutura bel√≠ssima, muito bem planejado. Existe uma √°rea reservada, uma esp√©cie de lounge com guarda-chuva que custa R$50,00. Eis que tinham apenas 3 casais e muitas mesas vagas e pedi ao gar√ßom ‚Äúchiquinho‚Äù que colocasse a cadeira no lado direito (que o guarda-chuva‚Äù", dezembro de 2019,Maus tratos... 
"Santo Andr√©, SP",Fernanda D,"Adoramos o lugar, com estrutura para o turista, atendimento r√°pido,  √≥timo pra passar uma manh√£!! Mas fique atento pois existem v√°rios pontos pro turista, e o Alchimist √© lindo, mas um pouco caro!! Para quem quer gastar menos, existem outros pontos na Lagoa, oferecendo o mesmo", setembro de 2019,Realmente o Para√≠so!!
"Rio de Janeiro, RJ",Jefferson B,"Quem vai a Jeri, n√£o pode deixar de ir pelo menos 01 dia neste para√≠so da natureza, ambiente maravilhoso para curtir e esquecer da vida", novembro de 2019,MARAVILHA
"Jijoca de Jericoacoara, CE",Niel_Transfer_tur,"Lugar top para vc curtir cm uma companhia agradavel! Agua doce e Cristalina,e uma redinha na agua pra relaxar!! Whatsapp 88 988589545", novembro de 2019,Lagoa do para√≠so
,Christian Vital,A Lagoa eh linda e as instala√ß√µes do alquimisty s√£o √≥timas.  O grande PROBLEMA  eh que vc fica ref√©m do restaurante que tem uma cozinha P√âSSIMA  al√©m de ser super caro. Recomendo ir conhecer e vazar !!! , novembro de 2019,O local eh mto lindo 
"Peru√≠be, SP",sergiotichauer,"Lugar delicioso para apreciar a natureza, deitado numa rede dentro da Lagoa. Passeios de jangada. Quiosques GRATUITOS para tomar um aperitivo, degustar umas por√ß√µes e deitar nas espregui√ßadeiras. ", novembro de 2019,Contemplando a natureza
"Salvador, BA",Deise R,"Vale a pena fazer esse passeio. Linda lagoa, com redes dentro d'√°gua. √ìtimo para passar o dia.  Obs: o bugueiro te diz op√ß√µes de barraca, para voc√™ escolher. Por√©m, existe uma muito conhecida, renomada , chamada Alquimist...ent√£o, as informa√ß√µes s√£o passadas incompletas para os", novembro de 2019,"Perfeita, mas cuidado com a escolha da barraca que deseja ficar"
"Belo Horizonte, MG",Raquel,"Local muito bonito, por√©m ficamos um pouco ref√©m do restaurante local - alquimista. N√£o vale a pena ficar muito tempo.", novembro de 2019,Deixou a desejar 
"Rio de Janeiro, RJ",luciaregg,O que vale s√£o as redinhas. O restante √© Turist√£o!!! Comida ruim. Atendimento prec√°rio. Tudo caro. Temos que conhecer rodinhas raiz., novembro de 2019,Programa Turist√£o!!!
Estado de S√£o Paulo,632francisco,Nada  a ver com as fotos mostrada  local  deixa  a desejar pre√ßos  muito  caro  atendimento  muito  ruim  dos restaurantes , novembro de 2019,F√©rias 
"Joinville, SC",Edilene C,"Lindo o lugar... fomos no restaurante Alquimist, simplesmente maravilhoso. Um passeio totalmente diferente. Um previl√©gio ter conhecido um lugar t√£o bonito. √ìtimo restaurante, vale muito a pena ter ficado na parte mais vip do restaurante com tendas com camas e cobertura √† beira", novembro de 2019,Sensacional 
"Fortaleza, CE",Luis P,"Uma lagoa com uma boa estrutura para turistas, paisagens maravilhosas, √°gua boa para banho e √≥timos lugares para fotos", novembro de 2019,Legal
"Tiradentes, MG",Gabriela R,"Tarde deliciosa, a lagoa √© linda e muito grande, as mesas n√£o ficam coladas e tem muita estrutura, v√°rias barracas boas. Muito lindo!", novembro de 2019,Que lugar!
"Rio de Janeiro, RJ",Marcio Rezende,"Um beach club muito bem estruturado. R$ 20,00 a entrada ao clube. √Årea VIP com valor de R$ 100, s√≥ para entrar. Atendimento um pouco confuso, por√©m o ambiente √© muito bom.", outubro de 2019,VALE A PENA CONHECER
,Francielle B,"Mudou a paisagem, prefiro ela rasa. Tem mais claridade e beleza . Mas ainda vale muito conhecer, √© uma das melhores dessa lagoa ", novembro de 2019,"Mudou a paisagem, prefiro ela rasa. Tem mais claridade e beleza . Mas ainda vale muito conhecer, √© uma das melhores"
"Curitiba, PR",Gleici Alves,"Um verdadeiro para√≠so. Uma pena eu ter ido num feriado e estar lotada, ainda assim consegui aproveitar. Tem que ir!", novembro de 2019,Faz jus ao nome
"Recife, PE",wfranco,Atendimento diferenciado com equipe qualificad√≠ssima. Card√°pio com excelente op√ß√µes e drinks maravilhosos. Local maravilhoso e com instala√ß√µes em bom estado de uso. , novembro de 2019,Descobrindo o para√≠so 
"S√£o Paulo, SP",Everton Vieira,"Maravilhoso, lugar incr√≠vel o passei inteiro eh muito bom, comida gostosa... Redes para descanso...üåÖüèñÔ∏è V√°rias atividades para divertimento.", novembro de 2019,Lugar incr√≠vel
"Jericoacoara, CE",Valber Arley,"O lugar √© muito bonito, mas quando fomos a lagoa estava meio cheia devida as chuvas do meio do ano o que comprometeu um pouco a experi√™ncia. Chegamos l√° pelo Alchymist, a estrutura √© √≥tima, mas o pre√ßo e o servi√ßo deixaram a desejar.", novembro de 2019,Lugar bonito
"Lago Norte, DF",Tatiana Linhares,"Lugar legal, ambiente diferente, mas achei muito caro. Vale a visita se estiver incluso em um passeio.", novembro de 2019,Legal
"Araruama, RJ",Leonidia,"Local aconchegante, √°gua doce, servi√ßo de restaurante em conta. Comida muito gostosa e bem servida. Drinks e cerveja com pre√ßos acess√≠veis. Visual deslumbrante. Local familiar tranquilo. Vale muito a pena conhecer, para mim, meu marido e meus cunhados, foi o lugar mais lindo de", setembro de 2019,Lindo Visual
"Salvador, BA",Elianio Augusto,"Excelente passeio, ficamos na ALCHYMIST BEACH CLUB, vale a pena conferir. Paga-se 20,00 por pessoa para entrar. Lugar bacana, bem cuidado. Tem op√ß√µes mais em conta na lagoa. ", novembro de 2019,Jeri@Fortaleza
Barra Mansa,JuLoraBM,"Achei o ponto alto de Jeri! Visual lindo, √°gua morna e doce! √ìtimo pra relaxar. O vento fica mais forte no final da tarde.", novembro de 2019,Lugar lindo 
"S√£o Bento do Sapuca√≠, SP",Maria Cristina S,"Lugar lindo, com uma vibe √≥tima, drinks muito gostosos e muito bom atendimento! Adoramos e voltaremos certamente!", outubro de 2019,Maravilhoso
"S√£o Lu√≠s, MA",Pedro Leite,"Local muito bonito e com boa estrutura de bar e restaurante. Vale a visita com certeza, seja em casais, fam√≠lias, etc. ", novembro de 2019,Parada obrigat√≥ria
"Campinas, SP",Priscila C,"Lugar muito bem cuidado e com espa√ßo gostoso para passar o dia, se n√£o fosse o vento que √© insuport√°vel e o atendimento. Almo√ßamos por l√° e percebi que o restaurante Alchymist n√£o trabalha com produtos de qualidade, acredito que pensam que n√£o precisam fidelizar o cliente.", novembro de 2019,N√£o voltaria 
"S√£o Paulo, SP",Aline A,"A lagoa do para√≠so √© muito linda, e vale a pena a visita. Entretanto a infra-estrutura deixa a desejar, pois ou voc√™ paga um rim no Alchymist ou tem sorte. Almo√ßamos em um restaurante na beira da lagoa, por indica√ß√£o do bugueiro, uma peixada com Camar√µes que nos deu azia. Veio", novembro de 2019,Somente a lagoa vale a pena
"Santo Andr√©, SP",kelly c,"Um lugar que n√£o tem a √°gua da cor das fotos,menos √°gua do que eu imaginava,nada de mais, sinceramente,n√£o era nada do que esperei por 4 anos um lugar que eu achava Que seria surreal.triste", dezembro de 2018,√Ågua morna foi o ponto positivo
,marcoantonior662,"Local extremamente apraz√≠vel, cercado de belezas naturais, em ambiente ainda preservado. Houve interven√ß√µes (como, por exemplo, a estrutura do Alchymist), de bom gosto, mas dissonante da naturalidade do ambiente. H√° outras op√ß√µes que oferecem conforto um pouco menor, mas comida", setembro de 2019,Vale o nome!
"Rio de Janeiro, RJ",Andrea Costa,Visitamos no final de outubro de 2019 e ficamos encantados com tamanha beleza. Passamos um dia muito  agrad√°vel em contato com a naturez., novembro de 2019, O Para√≠so √©  aqui
,Getulio V,"Lugar para passar o dia, com bastante estrutura, bem atendido e bem servido. Prepara o bolso, √© mais caro que as op√ß√µes do centro de Jeri. Mas n√£o tem como ir a Jeri e n√£o conhecer.", outubro de 2019,Alchymist √© muito bom
Estado de S√£o Paulo,Mirian R,"O lugar √© lindo, mas minha dica √© pesquisar os meses ante de ir, pois h√° meses em que chove muito e a Lagoa n√£o fica legal para visita√ß√£o a √°gua fica escura e a Lagoa muito cheia, existem pontos de apoio que a gente pode passar o dia comendo e bebendo e curtindo musica, os", junho de 2019,Adorei o lugar
,Deia SS,"Realmente √© um lugar lindo,  tranquilo,  a √°gua est√° na temperatura ideal, tem pontos com estruturas de bares e restaurantes e tem pontos mais r√∫sticos,  amei tudo na Lagoa do Para√≠so!", outubro de 2019,Lugar Paradis√≠aco!
,Heitor,A vis√£o √© de encher os olhos por dois motivos: pela beleza artificial do lugar e pelos pre√ßos a pagar., novembro de 2019,Enche os Olhos
"Londrina, PR",Bruno L,"Local muito bonito, mas se engana quem acha que vai chegar l√° e ter a aquela √°gua azul e cristalina como as fotos da internet.. puro filtro.. mas local bonito.. uma pena o restaurante ser u.a fortuna e a gente n√£o ter escolha, se for l√° tem q entrar.. lugar para conhecer uma", novembro de 2019,Muito bom
"Rio de Janeiro, RJ",Gabrielacw,"Lugar lindo, √°guas mornas, vale a pena conhecer, venta bastante, mas a Lagoa √© muito bonita, fiz o passeio com a jardineira do Pedro", novembro de 2019,Lindo!
"An√°polis, GO",Vanessa Fonseca,"Vale a pena passear pro lado Oeste de Jeri pata conhecer todas as lagoas, principalmente a Lagoa do Para√≠so. Lugar lindo!! ", novembro de 2019,Deslumbrante
"Serra Negra, SP",marcelo n,"Este ano com a chuva forte no inicio do ano, a lagoa esta super cheia. Fizeram um  repaginacao total, varios locais para fotos. Somente uma resalva ao atendimento dos gar√ßons, enorme quantidade e pouquisimos realmente trabalhando. Vale o passeio. R$ 20,00 para conhecer o local", novembro de 2019,"Est√° mais bonita,"
,vandia b,"Lugar lindo! h√° varias barracas com estrutura. A mais conhecida √© a alchimist, mas fiquei em outra ao lado, com pre√ßos bem mais em conta : Lua Cheia", setembro de 2019,lagoa do paraiso
"Palho√ßa, SC",Luciane Veiga,"O lagoa √© muito bonita. O √∫nico ponto √© pagar para ficar ali na regi√£o. Os valores do estabelecimento que cuida do local √© um pouco salgado, mas o atendimento muito bom. Conforme nos comunicaram, as √°guas n√£o estavam t√£o azuis devido a chuva que teve na regi√£o, mas mesmo assim,", outubro de 2019,Muito bonita!
"S√£o Paulo, SP",Neci Alves,"O lugar faz jus ao nome, √© simplesmente espetacular! Vale muito a visita, d√° pra ficar s√≥ a√≠ um dia inteiro!", outubro de 2019,Lugar maravilhoso!
,Luiza Mary F,"Lugar fant√°stico, cercado de dunas e com redes dentro d'√°gua. N√£o pode deixar de visitar. Voltarei com certeza .", outubro de 2019,Maravilhosa
,Bruno A,"O local √© lindo, mas n√£o √© para qualquer bolso n√£o, o Alquimist Beach clube √© pago at√© para entrar, 20 reais por pessoa, professores tem desconto. Bel√≠ssimo lugar, aproveitamos a lagoa ao lado da √°rea vip...(bangal√¥s pagos a parte) ", outubro de 2019,Lugar lindo
"Jericoacoara, CE",Camila Sanf,"Vale a pena o passeio belissimo, fiz o passeio no dia da volta a Fortaleza e vale muito a pena. Voltarei mais vezes ", outubro de 2019,Belissimo 
,Hellogyn,"O lugar √© bonito, cercado por dunas de areia branca. √â poss√≠vel fazer passeios de jangada, e standup paddle. Disseram-me que a cor da √°gua neste ano est√° mais escura por conta das chuvas. Se puder aproveitar o local sem ficar ref√©m do Achemyst, melhor para vc! √â prov√°vel que se", outubro de 2019,Mais bonita que a Lagoa Azul
"Londrina, PR",Elaine Fereti,"Lugar realmente para descansar. Fomos com crian√ßa de 18 meses que brincou na √°rea, se divertiu na √°gua calma e teve bastante suporte dos gar√ßons que se preocuparam com melhor lugar quando ele dormiu. Sem contar na alimenta√ß√£o e sucos/√°gua de coco caprichados.  Voltaria com", setembro de 2019,Lugar de descanso
,luisalof,Lagoa quentinha e bonita. Havia algumas redes para deitar. Gostei do local. A lagoa era verde. Havia op√ß√£o de fazer passeio de kaiake., outubro de 2019,Linda lagoa
"Joinville, SC",Jeferson2212,"A lagoa, naturalmente √© linda. Mas a estrutura do Local ""Lagoa do Para√≠so"" √© p√©ssima. Fizemos o pedido (gar√ßom disse que ficaria pronto em meia hora). Levaram uma hora e quinze minutos para entregar 4 ""nugget"" de Filet Mignon que parecia mais uma sola de sapato, com uma salada", outubro de 2019,"Comida cara e ruim, atendimento prec√°rio."
"Londrina, PR",Joana M,"Ao ler as dicas de viagens em v√°rios sites, achei que o local seria realmente um para√≠so, maravilhoso, coisa de cinema. Chegamos com uma expectativa muito grande de conhecer um ""baita"" lugar lindo, porem ao chegar no local foi um tanto decepcionante. Reservei um dia na pousada,", setembro de 2019,Paraiso??? Ser√°???
"Embu das Artes, SP",Riana,"O local e maravilhoso tanto de ambiente , quanto para fotos ,a praia √© super tranquila,pra mim foi um dos melhores passeios que fiz em Jericoacoara.", outubro de 2019,Para√≠so 
"Valinhos, SP",Ingridmdsl,"A lagoa do para√≠so √© bonita por√©m esperava mais do Local devido aos tantos coment√°rios, fui em um bate volta e os guias te deixam no quiosque que possuem parceria, achei os pre√ßos bem salgados, sobre a lagoa n√£o estava azul conforme vemos nos folder informativos!", outubro de 2019,Bonito
"Rio do Sul, SC",Ivan Borgonovo,A logoa √© bem normal. Igual as outras. O club particular que tem pago √© muito caro e com poucas atra√ß√µes., outubro de 2019,Bem normal
"Campinas, SP",Gaby S,"Fiquei no nova esperan√ßa por indica√ß√£o do guia, valor acess√≠vel e n√£o precisa pagar entrada al√©m de ser super tranquilo sem muita gente.", outubro de 2019,√ìtima
,Thiago A,"A Lagoa √© bonita, embora eu esperasse mais. O que afeta a experi√™ncia, negativamente √© a baixa qualidade do Club Alchymist quanto ao atendimento do restaurante. Pre√ßos car√≠ssimos e quantidade insuficiente de comida para duas pessoas.", outubro de 2019,Esperava mais
"Jericoacoara, CE",Leila R,"Passeio muito bom, vale a pena!... O que n√£o agradou foi o restaurante da lagoa do paraiso, The Alchymist Beach Club, comida cara, mal feita e pouqu√≠ssima  quantidade, no card√°pio diz que serve duas pessoas, mas a por√ß√£o √© somente para uma pessoa! ", outubro de 2019,Passeio lado leste 
"Rio de Janeiro, RJ",Wallison Guedes,"Lugar √© lindo. A entrada √© atrav√©s do Club Alchymist e custa R$20,00. O clube em si n√£o vale a pena. Mas a lagoa √© linda. Estava super lotada no dia em que estive l√° e a experi√™ncia n√£o foi boa por isso. A lagoa estava clarinha, mas n√£o t√£o transparente. Venta muito no lugar e", outubro de 2019,Lugar Lind√≠ssimo! 
"Campinas, SP",Maria Lucia S,"O local √© maravilhoso, muito agrad√°vel, uma estrutura √≥tima para descanso e passeios, comida boa e lugares espetaculares para fotos. Os pre√ßos s√£o acess√≠veis.", setembro de 2019,Para√≠so
"Teresina, PI",Jorge M,"Passeio imperd√≠vel. A estrutura atende √†s diversas classes econ√¥micas. Aten√ß√£o para chegar cedo, o lugar costuma estar sempre lotado.", outubro de 2019,Paradis√≠aca
,Carlos Melo,"Uma lagoa paradis√≠aca, aconchegante e prop√≠cia para relaxar... Um lugar para ser feliz e refletir sobre a vida...", outubro de 2019,CARLITOS TRIP
"Porto Alegre, RS",Gabgarcez,"A Lagoa √© linda e possui mais de uma op√ß√£o para alimenta√ß√£o. Tamb√©m tem aluguel de caiaques e redes (de gra√ßa) para tirar foto. Um dos locais cobra entrada e √© mais caro, o outro n√£o cobra e a alimenta√ß√£o tamb√©m √© mais barata.", outubro de 2019,Linda paisagem
"S√£o Leopoldo, RS",Viviane K,"A estrutura √© incr√≠vel, um lugar para relaxar, as redes dentro da √°gua s√£o relaxantes, sem explica√ß√£o √© o para√≠so! Vale a pena conhecer.", outubro de 2019,Lugar incrivel
,Idalmiro J,"Lugar realmente magnifico, faz jus ao nome ""Para√≠so"" passamos um dia no alchymist, realmente muito bom, atendimento √≥timo, comida muito boa perfeito, s√≥ a caipirinha que n√£o √© das boas, mas o restante √© tudo perfeito, porem tudo tem seu pre√ßo √© um lugar que tem os pre√ßos um", outubro de 2019,Paradis√≠aco
"Santana do Para√≠so, MG",Juliana A,Uma pena que devido as fortes chuvas  de 2019 uma lagoa que tem a √°gua mais escura transbordou e afetou diretamente a cor da √°gua da lagoa do para√≠so.  Somente na beirada da lagoa que √© poss√≠vel ver aquela √°gua cristalina.  Pessoal da regi√£o estima que em m√©dia demorar√° cerca de, agosto de 2019,Sensacional
,Isabel Ferreira,"O local √© muito TOP, com uma lagoa que fica entre as dunas de areia com uma infraestrutura muito boa. Por√©m prepare os bolsos, pois cobram desde a entrada por pessoa at√© √†s espregui√ßadeiras. Disp√µe de restaurantes com drinks lindos mas os valores s√£o altos e a comida n√£o achei", outubro de 2019,Estrutura incr√≠vel
"Botucatu, SP",Adriano Andrade,"Local bacana para tomar algo, petiscar e passar algumas horas se refrescando. Venta bem como em qualquer ponto de Jeri. Existem algumas barracas para servir os visitantes, uma bem cara com excelente infra estrutura e outras mais r√∫sticas com pre√ßos melhores ", outubro de 2019,Bacana
,Rinaldo,O nome faz jus ao lugar....Lindo e relaxante...Parece que estamos numa praia do Caribe! √ìtima infraestrutura!, outubro de 2019,Encantador!
,Vera Cardial,"Fiquei surpresa em encontrar, no meio do nada, esse lugar paradis√≠aco!. Lagoa de Aguas limpas e com pequenas ondas geradas vento!  Bom atendimento, variedade de comidas e drinks. Pre√ßos compat√≠veis com o lugar... Ponto a melhorar: Sinalizar na entrada que maiores de 60 anos n√£o", outubro de 2019,Um lugar surpreendente!
"Rio de Janeiro, RJ",DKRJ18,Espetacular vale a pena q visitar esplendor de lugar imperd√≠vel n√£o h√° palavras para descrever tanta beleza , outubro de 2019,Maravilha 
Distrito Federal,Milena Santos,"O lugar √© incr√≠vel em cada detalhe seu, sem d√∫vida a viagem foi maravilhosa. E o guia fez com que ela se tornasse melhor ainda.. N√£o vejo a hora de voltar de novo‚òÄÔ∏èüåä‚õµÔ∏è‚ù§Ô∏è", outubro de 2019,Incr√≠vel
"Jericoacoara, CE",Zeno,"Excelente Estado CE,√≥timas praias, restaurante e pousadas,por onde passei os colaboradores foram eficientes.", outubro de 2019,Viagem de conhecimento
"S√£o Bernardo do Campo, SP",E9772VBmarco,"Excelente,  o nome j√° diz tudo. Atendimento de primeiro mundo. O barato √© ir de bugue e ir bem cedo para aproveitar ao m√°ximo aquele para√≠so.", setembro de 2019,Lagoa do Para√≠so
,Estanislau J,"Lugar lindo e relaxante, para descansar e curtir amigos.  Pre√ßos um pouco alto, no entanto vale a pena.", outubro de 2019,F√©rias
"S√£o Paulo, SP",Gisela Rainho,"Amei ter visitado e aproveitado algumas horas nesta Lagoa. Bastante limpa, √°gua gostosa, tudo de bom.", setembro de 2019,Maravilhoso
